{"cameraMode":{"drawMode":0,"name":"Shaded","section":"Shading Mode"},"sceneLighting":false,"audioPlay":false,"sceneViewState":{"showFog":true,"showMaterialUpdate":false,"showSkybox":false,"showFlares":true,"showImageEffects":true,"showParticleSystems":true},"in2DMode":false,"pivot":{"x":-0.9240856766700745,"y":-5.299412250518799,"z":7.397716522216797},"rotation":{"x":0.28842467069625857,"y":-0.10404760390520096,"z":0.031543049961328509,"w":0.9513126611709595},"size":6.094692230224609,"orthographic":false}