{"cameraMode":{"drawMode":0,"name":"Shaded","section":"Shading Mode"},"sceneLighting":false,"audioPlay":false,"sceneViewState":{"showFog":true,"showMaterialUpdate":false,"showSkybox":true,"showFlares":true,"showImageEffects":true,"showParticleSystems":true},"in2DMode":false,"pivot":{"x":3.4522972106933595,"y":-1.2660131454467774,"z":1.3941941261291505},"rotation":{"x":-0.24382492899894715,"y":0.30439114570617678,"z":-0.08091341704130173,"w":-0.917263388633728},"size":4.950000286102295,"orthographic":false}