{"cameraMode":{"drawMode":0,"name":"Shaded","section":"Shading Mode"},"sceneLighting":false,"audioPlay":false,"sceneViewState":{"showFog":true,"showMaterialUpdate":false,"showSkybox":false,"showFlares":true,"showImageEffects":true,"showParticleSystems":true},"in2DMode":false,"pivot":{"x":0.0,"y":0.552007794380188,"z":-0.006170511245727539},"rotation":{"x":0.11841200292110443,"y":-0.7390518188476563,"z":0.13477075099945069,"w":0.649320662021637},"size":0.7708086371421814,"orthographic":false}