{"cameraMode":{"drawMode":0,"name":"Shaded","section":"Shading Mode"},"sceneLighting":false,"audioPlay":false,"sceneViewState":{"showFog":true,"showMaterialUpdate":false,"showSkybox":true,"showFlares":true,"showImageEffects":true,"showParticleSystems":true},"in2DMode":false,"pivot":{"x":-2.039928436279297,"y":2.5046396255493166,"z":-3.4655072689056398},"rotation":{"x":0.012763514183461666,"y":0.9843125939369202,"z":-0.08021111786365509,"w":0.15662778913974763},"size":2.8763022422790529,"orthographic":false}