{"cameraMode":{"drawMode":0,"name":"Shaded","section":"Shading Mode"},"sceneLighting":false,"audioPlay":false,"sceneViewState":{"showFog":true,"showMaterialUpdate":false,"showSkybox":true,"showFlares":true,"showImageEffects":true,"showParticleSystems":true},"in2DMode":false,"pivot":{"x":0.6647865772247315,"y":1.3794872760772706,"z":-1.1831766366958619},"rotation":{"x":0.11813957989215851,"y":-0.6992261409759522,"z":0.11885876953601837,"w":0.6949878334999085},"size":1.4125769138336182,"orthographic":false}