{"cameraMode":{"drawMode":0,"name":"Shaded","section":"Shading Mode"},"sceneLighting":false,"audioPlay":false,"sceneViewState":{"showFog":true,"showMaterialUpdate":false,"showSkybox":false,"showFlares":true,"showImageEffects":true,"showParticleSystems":true},"in2DMode":false,"pivot":{"x":-0.34674957394599917,"y":0.9272865056991577,"z":-2.5028862953186037},"rotation":{"x":0.0016418485902249814,"y":-0.9985495209693909,"z":0.03895770013332367,"w":0.039853427559137347},"size":2.644968271255493,"orthographic":false}