{"cameraMode":{"drawMode":0,"name":"Shaded","section":"Shading Mode"},"sceneLighting":true,"audioPlay":false,"sceneViewState":{"showFog":true,"showMaterialUpdate":false,"showSkybox":true,"showFlares":true,"showImageEffects":true,"showParticleSystems":true},"in2DMode":false,"pivot":{"x":-2.9523961544036867,"y":0.8151121139526367,"z":3.0320680141448976},"rotation":{"x":0.10359884798526764,"y":-0.38878002762794497,"z":0.04404016211628914,"w":0.9144348502159119},"size":3.2091896533966066,"orthographic":false}