{"cameraMode":{"drawMode":0,"name":"Shaded","section":"Shading Mode"},"sceneLighting":false,"audioPlay":false,"sceneViewState":{"showFog":true,"showMaterialUpdate":false,"showSkybox":true,"showFlares":true,"showImageEffects":true,"showParticleSystems":true},"in2DMode":false,"pivot":{"x":402.7968444824219,"y":264.4798889160156,"z":2.654693603515625},"rotation":{"x":0.026674922555685045,"y":-0.030572576448321344,"z":-0.0008122579311020672,"w":-0.9991918206214905},"size":240.6875457763672,"orthographic":false}