{"cameraMode":{"drawMode":0,"name":"Shaded","section":"Shading Mode"},"sceneLighting":false,"audioPlay":false,"sceneViewState":{"showFog":true,"showMaterialUpdate":false,"showSkybox":false,"showFlares":true,"showImageEffects":true,"showParticleSystems":true},"in2DMode":false,"pivot":{"x":-0.48684340715408327,"y":-0.09213753789663315,"z":0.8496770858764648},"rotation":{"x":0.10771287977695465,"y":-0.6287484765052795,"z":0.08852329850196839,"w":0.7650138735771179},"size":0.9265570044517517,"orthographic":false}