{"cameraMode":{"drawMode":0,"name":"Shaded","section":"Shading Mode"},"sceneLighting":false,"audioPlay":false,"sceneViewState":{"showFog":true,"showMaterialUpdate":false,"showSkybox":true,"showFlares":true,"showImageEffects":true,"showParticleSystems":true},"in2DMode":false,"pivot":{"x":2.9161901473999025,"y":3.6641693115234377,"z":0.5525398254394531},"rotation":{"x":-0.058764759451150897,"y":0.02037629671394825,"z":-0.0011943102581426502,"w":-0.9980781078338623},"size":10.0,"orthographic":false}