{"cameraMode":{"drawMode":0,"name":"Shaded","section":"Shading Mode"},"sceneLighting":false,"audioPlay":false,"sceneViewState":{"showFog":true,"showMaterialUpdate":false,"showSkybox":true,"showFlares":true,"showImageEffects":true,"showParticleSystems":true},"in2DMode":false,"pivot":{"x":61.77973175048828,"y":245.73365783691407,"z":-9.831275939941407},"rotation":{"x":0.012763514183461666,"y":0.9843125939369202,"z":-0.08021111786365509,"w":0.15662778913974763},"size":3.8150978088378908,"orthographic":false}