{"cameraMode":{"drawMode":0,"name":"Shaded","section":"Shading Mode"},"sceneLighting":false,"audioPlay":false,"sceneViewState":{"showFog":true,"showMaterialUpdate":false,"showSkybox":false,"showFlares":true,"showImageEffects":true,"showParticleSystems":true},"in2DMode":false,"pivot":{"x":-99.92127227783203,"y":48.21480941772461,"z":-3.133042573928833},"rotation":{"x":-0.010575373657047749,"y":0.9367507100105286,"z":-0.02840081788599491,"w":-0.34873270988464358},"size":77.76922607421875,"orthographic":false}