{"cameraMode":{"drawMode":0,"name":"Shaded","section":"Shading Mode"},"sceneLighting":false,"audioPlay":false,"sceneViewState":{"showFog":true,"showMaterialUpdate":false,"showSkybox":true,"showFlares":true,"showImageEffects":true,"showParticleSystems":true},"in2DMode":false,"pivot":{"x":13.648480415344239,"y":8.761834144592286,"z":4.552414894104004},"rotation":{"x":0.00521358847618103,"y":0.9941360354423523,"z":0.09241137653589249,"w":-0.05611305683851242},"size":5.7977142333984379,"orthographic":false}