{"cameraMode":{"drawMode":0,"name":"Shaded","section":"Shading Mode"},"sceneLighting":false,"audioPlay":false,"sceneViewState":{"showFog":true,"showMaterialUpdate":false,"showSkybox":true,"showFlares":true,"showImageEffects":true,"showParticleSystems":true},"in2DMode":false,"pivot":{"x":-3.7923147678375246,"y":2.1277260780334474,"z":-0.7003393173217773},"rotation":{"x":0.07581713050603867,"y":-0.912499725818634,"z":0.3500567376613617,"w":0.1976350098848343},"size":6.476303577423096,"orthographic":false}