{"cameraMode":{"drawMode":0,"name":"Shaded","section":"Shading Mode"},"sceneLighting":false,"audioPlay":false,"sceneViewState":{"showFog":true,"showMaterialUpdate":false,"showSkybox":false,"showFlares":true,"showImageEffects":true,"showParticleSystems":true},"in2DMode":false,"pivot":{"x":0.05886960029602051,"y":1.9513647556304932,"z":0.1813945770263672},"rotation":{"x":-0.0404389463365078,"y":0.13209818303585053,"z":-0.005407433956861496,"w":-0.9904071688652039},"size":2.893901824951172,"orthographic":false}