{"cameraMode":{"drawMode":0,"name":"Shaded","section":"Shading Mode"},"sceneLighting":false,"audioPlay":false,"sceneViewState":{"showFog":true,"showMaterialUpdate":true,"showSkybox":true,"showFlares":true,"showImageEffects":true,"showParticleSystems":true},"in2DMode":false,"pivot":{"x":289.0162048339844,"y":22.4711971282959,"z":274.4100646972656},"rotation":{"x":-0.058874472975730899,"y":-0.9156250357627869,"z":0.3678257465362549,"w":-0.15255820751190186},"size":23.456222534179689,"orthographic":false}