{"cameraMode":{"drawMode":0,"name":"Shaded","section":"Shading Mode"},"sceneLighting":false,"audioPlay":false,"sceneViewState":{"showFog":true,"showMaterialUpdate":false,"showSkybox":false,"showFlares":true,"showImageEffects":true,"showParticleSystems":true},"in2DMode":false,"pivot":{"x":1.7881393432617188e-7,"y":1.4903947114944459,"z":0.0},"rotation":{"x":0.02496405877172947,"y":0.4169330298900604,"z":-0.01108382735401392,"w":0.9087124466896057},"size":4.251008987426758,"orthographic":false}