{"cameraMode":{"drawMode":0,"name":"Shaded","section":"Shading Mode"},"sceneLighting":false,"audioPlay":false,"sceneViewState":{"showFog":true,"showMaterialUpdate":false,"showSkybox":false,"showFlares":true,"showImageEffects":true,"showParticleSystems":true},"in2DMode":false,"pivot":{"x":0.00000762939453125,"y":0.06256065517663956,"z":0.000004708766937255859},"rotation":{"x":0.11995669454336167,"y":0.03244176506996155,"z":-0.003910875413566828,"w":0.9922555685043335},"size":0.5233897566795349,"orthographic":false}