{"cameraMode":{"drawMode":0,"name":"Shaded","section":"Shading Mode"},"sceneLighting":true,"audioPlay":false,"sceneViewState":{"showFog":true,"showMaterialUpdate":false,"showSkybox":true,"showFlares":true,"showImageEffects":true,"showParticleSystems":true},"in2DMode":false,"pivot":{"x":75.56005859375,"y":6.0900702476501469,"z":56.83815383911133},"rotation":{"x":-0.021817749366164209,"y":-0.4396741986274719,"z":0.01072156336158514,"w":-0.8979204297065735},"size":1.7336907386779786,"orthographic":false}