{"cameraMode":{"drawMode":0,"name":"Shaded","section":"Shading Mode"},"sceneLighting":false,"audioPlay":false,"sceneViewState":{"showFog":true,"showMaterialUpdate":false,"showSkybox":false,"showFlares":true,"showImageEffects":true,"showParticleSystems":true},"in2DMode":false,"pivot":{"x":95.72850799560547,"y":0.5252215266227722,"z":73.57413482666016},"rotation":{"x":0.18755875527858735,"y":-0.08008846640586853,"z":0.015335463918745518,"w":0.9788804650306702},"size":0.4248622953891754,"orthographic":false}