{"cameraMode":{"drawMode":0,"name":"Shaded","section":"Shading Mode"},"sceneLighting":false,"audioPlay":false,"sceneViewState":{"showFog":false,"showMaterialUpdate":false,"showSkybox":false,"showFlares":false,"showImageEffects":false,"showParticleSystems":false},"in2DMode":false,"pivot":{"x":-0.050147686153650287,"y":0.9337030649185181,"z":2.2898271083831789},"rotation":{"x":0.0016674448270350695,"y":0.9979824423789978,"z":0.029639380052685739,"w":-0.056329552084207538},"size":0.8660283088684082,"orthographic":false}