{"cameraMode":{"drawMode":0,"name":"Shaded","section":"Shading Mode"},"sceneLighting":false,"audioPlay":false,"sceneViewState":{"showFog":false,"showMaterialUpdate":false,"showSkybox":false,"showFlares":false,"showImageEffects":false,"showParticleSystems":false},"in2DMode":false,"pivot":{"x":0.17930741608142854,"y":1.6880241632461548,"z":0.1060330867767334},"rotation":{"x":-0.08482695370912552,"y":-0.46858569979667666,"z":0.04530131816864014,"w":-0.8782148957252502},"size":1.2312405109405518,"orthographic":false}