{"cameraMode":{"drawMode":0,"name":"Shaded","section":"Shading Mode"},"sceneLighting":true,"audioPlay":false,"sceneViewState":{"showFog":true,"showMaterialUpdate":false,"showSkybox":false,"showFlares":true,"showImageEffects":true,"showParticleSystems":true},"in2DMode":false,"pivot":{"x":0.8241192698478699,"y":0.6006065011024475,"z":1.2126789093017579},"rotation":{"x":-0.0003411758807487786,"y":0.9991937875747681,"z":-0.03929785266518593,"w":-0.008690876886248589},"size":0.657124400138855,"orthographic":false}