{"cameraMode":{"drawMode":0,"name":"Shaded","section":"Shading Mode"},"sceneLighting":false,"audioPlay":false,"sceneViewState":{"showFog":false,"showMaterialUpdate":false,"showSkybox":false,"showFlares":false,"showImageEffects":false,"showParticleSystems":false},"in2DMode":false,"pivot":{"x":649.5856323242188,"y":-164.8270263671875,"z":544.410400390625},"rotation":{"x":0.10771866142749787,"y":0.41433751583099368,"z":-0.0494781956076622,"w":0.9024372100830078},"size":365.5507507324219,"orthographic":false}