{"cameraMode":{"drawMode":0,"name":"Shaded","section":"Shading Mode"},"sceneLighting":false,"audioPlay":false,"sceneViewState":{"showFog":false,"showMaterialUpdate":false,"showSkybox":false,"showFlares":false,"showImageEffects":false,"showParticleSystems":false},"in2DMode":false,"pivot":{"x":-1.7144687175750733,"y":3.593799591064453,"z":-0.6880109906196594},"rotation":{"x":-0.006596723105758429,"y":0.992073118686676,"z":-0.11088572442531586,"w":-0.058981526643037799},"size":0.8660283088684082,"orthographic":false}