{"cameraMode":{"drawMode":0,"name":"Shaded","section":"Shading Mode"},"sceneLighting":true,"audioPlay":false,"sceneViewState":{"showFog":true,"showMaterialUpdate":false,"showSkybox":false,"showFlares":true,"showImageEffects":true,"showParticleSystems":true},"in2DMode":false,"pivot":{"x":0.2617873251438141,"y":0.482225239276886,"z":0.9437668323516846},"rotation":{"x":-0.005326267797499895,"y":0.9931871294975281,"z":0.05038846284151077,"w":0.10497260838747025},"size":0.8660283088684082,"orthographic":false}