{"cameraMode":{"drawMode":0,"name":"Shaded","section":"Shading Mode"},"sceneLighting":false,"audioPlay":false,"sceneViewState":{"showFog":false,"showMaterialUpdate":false,"showSkybox":false,"showFlares":false,"showImageEffects":false,"showParticleSystems":false},"in2DMode":false,"pivot":{"x":0.6823427677154541,"y":0.3082699179649353,"z":0.5041778087615967},"rotation":{"x":0.14513276517391206,"y":-0.6181049346923828,"z":0.1174696758389473,"w":0.7636483311653137},"size":0.6526101231575012,"orthographic":false}