{"cameraMode":{"drawMode":0,"name":"Shaded","section":"Shading Mode"},"sceneLighting":true,"audioPlay":false,"sceneViewState":{"showFog":true,"showMaterialUpdate":false,"showSkybox":false,"showFlares":true,"showImageEffects":true,"showParticleSystems":true},"in2DMode":false,"pivot":{"x":0.8860135078430176,"y":0.6215947866439819,"z":1.4808324575424195},"rotation":{"x":0.0013665735023096204,"y":0.9986260533332825,"z":-0.03927556425333023,"w":0.03476804494857788},"size":0.6571244597434998,"orthographic":false}