{"cameraMode":{"drawMode":0,"name":"Shaded","section":"Shading Mode"},"sceneLighting":false,"audioPlay":false,"sceneViewState":{"showFog":true,"showMaterialUpdate":false,"showSkybox":false,"showFlares":true,"showImageEffects":true,"showParticleSystems":true},"in2DMode":false,"pivot":{"x":0.0,"y":0.05236101150512695,"z":0.007229447364807129},"rotation":{"x":0.14376908540725709,"y":0.023743916302919389,"z":-0.0034490840043872596,"w":0.9893285036087036},"size":1.3014436960220338,"orthographic":false}