{"cameraMode":{"drawMode":0,"name":"Shaded","section":"Shading Mode"},"sceneLighting":false,"audioPlay":false,"sceneViewState":{"showFog":true,"showMaterialUpdate":false,"showSkybox":false,"showFlares":true,"showImageEffects":true,"showParticleSystems":true},"in2DMode":false,"pivot":{"x":-0.12300825119018555,"y":6.31474494934082,"z":0.22023773193359376},"rotation":{"x":0.1608441025018692,"y":0.42003798484802248,"z":-0.07591643184423447,"w":0.8899163007736206},"size":8.26381778717041,"orthographic":false}