{"cameraMode":{"drawMode":0,"name":"Shaded","section":"Shading Mode"},"sceneLighting":false,"audioPlay":false,"sceneViewState":{"showFog":true,"showMaterialUpdate":false,"showSkybox":false,"showFlares":true,"showImageEffects":true,"showParticleSystems":true},"in2DMode":false,"pivot":{"x":-2.235856533050537,"y":2.909463405609131,"z":-2.4969887733459474},"rotation":{"x":-0.008913376368582249,"y":0.6896652579307556,"z":-0.008489422500133515,"w":-0.7240256071090698},"size":1.2360132932662964,"orthographic":false}