{"cameraMode":{"drawMode":0,"name":"Shaded","section":"Shading Mode"},"sceneLighting":false,"audioPlay":false,"sceneViewState":{"showFog":true,"showMaterialUpdate":false,"showSkybox":false,"showFlares":true,"showImageEffects":true,"showParticleSystems":true},"in2DMode":false,"pivot":{"x":-0.13507366180419923,"y":6.705583572387695,"z":0.1806163787841797},"rotation":{"x":-0.0020690811797976496,"y":0.41198498010635378,"z":0.0019566137343645097,"w":0.9114000797271729},"size":11.492460250854493,"orthographic":false}