{"cameraMode":{"drawMode":0,"name":"Shaded","section":"Shading Mode"},"sceneLighting":false,"audioPlay":false,"sceneViewState":{"showFog":true,"showMaterialUpdate":false,"showSkybox":false,"showFlares":true,"showImageEffects":true,"showParticleSystems":true},"in2DMode":false,"pivot":{"x":0.09016269445419312,"y":0.03887629881501198,"z":-9.372611045837403},"rotation":{"x":-0.021285999566316606,"y":0.04557216167449951,"z":-0.0009722011745907366,"w":-0.9987382292747498},"size":0.7520233988761902,"orthographic":false}