{"cameraMode":{"drawMode":0,"name":"Shaded","section":"Shading Mode"},"sceneLighting":true,"audioPlay":true,"sceneViewState":{"showFog":true,"showMaterialUpdate":false,"showSkybox":false,"showFlares":true,"showImageEffects":true,"showParticleSystems":true},"in2DMode":false,"pivot":{"x":-0.30652788281440737,"y":2.075284242630005,"z":-0.9805450439453125},"rotation":{"x":-0.005094841122627258,"y":0.9938687086105347,"z":-0.09752103686332703,"w":-0.05192648991942406},"size":2.063171625137329,"orthographic":false}