{"cameraMode":{"drawMode":0,"name":"Shaded","section":"Shading Mode"},"sceneLighting":false,"audioPlay":false,"sceneViewState":{"showFog":true,"showMaterialUpdate":false,"showSkybox":true,"showFlares":true,"showImageEffects":true,"showParticleSystems":true},"in2DMode":false,"pivot":{"x":81.74555969238281,"y":182.3883819580078,"z":-89.62042999267578},"rotation":{"x":0.31877923011779787,"y":0.17516762018203736,"z":-0.06010017171502113,"w":0.9297460913658142},"size":13.669817924499512,"orthographic":false}